Time,Temp,CO2,Heater
2023-01-22 00:07:54.036560,71.6,9.034,0
2023-01-22 00:07:54.981707,71.6,9.034,0
2023-01-22 00:07:56.441437,71.6,9.034,0
2023-01-22 00:07:57.938195,71.7116,9.034,0
2023-01-22 00:07:59.408668,71.6,8.483,0
2023-01-22 00:08:00.839910,71.6,7.966,0
2023-01-22 00:08:02.331402,71.6,8.754,0
2023-01-22 00:08:04.585517,71.6,8.754,0
2023-01-22 00:08:06.041154,71.6,8.483,0
2023-01-22 00:08:07.502975,71.48660000000001,8.483,0
2023-01-22 00:08:08.924090,71.6,8.754,1
2023-01-22 00:08:11.020346,71.48660000000001,8.754,1
2023-01-22 00:08:12.450379,71.48660000000001,9.323,1
2023-01-22 00:08:13.934287,71.48660000000001,9.034,1
2023-01-22 00:08:15.410031,71.6,9.034,1
2023-01-22 00:08:17.510380,71.6,9.034,1
2023-01-22 00:08:18.921953,71.6,8.483,1
2023-01-22 00:08:20.358825,71.6,7.966,1
2023-01-22 00:08:21.811493,71.6,9.323,1
2023-01-22 00:08:23.998872,71.6,9.034,1
2023-01-22 00:08:25.483415,71.6,9.034,1
2023-01-22 00:08:26.921749,71.6,8.483,1
2023-01-22 00:08:28.369878,71.6,9.323,1
2023-01-22 00:08:30.628534,71.48660000000001,9.323,1
2023-01-22 00:08:32.051144,71.48660000000001,8.483,1
2023-01-22 00:08:33.481691,71.48660000000001,3.862,1
2023-01-22 00:08:34.920340,71.6,16.431,1
2023-01-22 00:08:37.268240,71.6,16.431,1
2023-01-22 00:08:38.681088,71.7116,16.957,1
2023-01-22 00:08:40.130266,71.6,16.957,1
2023-01-22 00:08:41.610780,71.7116,16.957,1
2023-01-22 00:08:44.204229,71.7116,16.957,1
2023-01-22 00:08:45.640866,71.7116,15.922,1
2023-01-22 00:08:47.080884,71.6,15.428,1
2023-01-22 00:08:48.571620,71.6,16.431,1
2023-01-22 00:08:50.760729,71.6,16.957,1
2023-01-22 00:08:52.241328,71.6,16.957,1
2023-01-22 00:08:53.651015,71.6,16.431,1
2023-01-22 00:08:55.141503,71.7116,17.499,1
2023-01-22 00:08:57.359358,71.7116,17.499,1
2023-01-22 00:08:58.759444,71.7116,15.922,1
2023-01-22 00:09:00.201785,71.7116,15.922,1
2023-01-22 00:09:01.681506,71.7116,16.431,1
2023-01-22 00:09:04.072789,71.7116,16.957,1
2023-01-22 00:09:05.480056,71.7116,16.431,1
2023-01-22 00:09:06.931068,71.7116,16.431,1
2023-01-22 00:09:08.361843,71.825,17.499,1
2023-01-22 00:09:09.804229,71.825,16.431,1
2023-01-22 00:09:11.278201,71.825,15.922,1
2023-01-22 00:09:12.693113,71.825,15.922,1
2023-01-22 00:09:14.130408,71.825,16.957,1
2023-01-22 00:09:15.560780,71.9366,16.957,1
2023-01-22 00:09:17.536977,72.05,16.957,1
2023-01-22 00:09:19.000813,72.1616,15.922,1
2023-01-22 00:09:20.440755,72.1616,16.431,1
2023-01-22 00:09:21.891235,72.275,16.957,1
2023-01-22 00:09:24.265369,72.275,15.922,1
2023-01-22 00:09:25.770746,72.3866,15.428,1
2023-01-22 00:09:27.261272,72.3866,16.957,1
2023-01-22 00:09:28.692731,72.61160000000001,16.957,1
2023-01-22 00:09:30.912692,72.725,16.957,0
2023-01-22 00:09:32.360618,72.8366,16.957,0
2023-01-22 00:09:33.800183,72.8366,17.499,0
2023-01-22 00:09:35.241212,73.0616,16.957,0
2023-01-22 00:09:37.652466,73.175,15.922,0
2023-01-22 00:09:39.080900,73.2866,15.922,0
2023-01-22 00:09:40.520781,73.2866,17.499,0
2023-01-22 00:09:42.002233,73.4,16.957,0
2023-01-22 00:09:44.313701,73.5116,17.499,0
2023-01-22 00:09:45.811997,73.5116,17.499,0
2023-01-22 00:09:47.251454,73.625,17.499,0
2023-01-22 00:09:48.681984,73.625,17.499,0
2023-01-22 00:09:50.990019,73.73660000000001,15.922,0
2023-01-22 00:09:52.441792,73.85,15.428,0
2023-01-22 00:09:53.882067,73.9616,17.499,0
2023-01-22 00:09:55.320832,73.9616,16.957,0
2023-01-22 00:09:57.712806,74.1866,17.499,0
2023-01-22 00:09:59.161295,74.1866,16.957,0
2023-01-22 00:10:00.610445,74.4116,16.957,0
2023-01-22 00:10:02.051010,74.4116,16.431,0
2023-01-22 00:10:03.536049,74.525,16.431,0
2023-01-22 00:10:04.998266,74.6366,16.431,0
2023-01-22 00:10:06.440677,74.6366,16.957,0
2023-01-22 00:10:07.887714,74.6366,17.499,0
2023-01-22 00:10:09.331572,74.6366,16.957,0
2023-01-22 00:10:11.506312,74.6366,16.957,0
2023-01-22 00:10:12.919832,74.6366,17.499,0
2023-01-22 00:10:14.496016,74.6366,16.957,0
2023-01-22 00:10:15.958399,74.75,15.922,0
2023-01-22 00:10:18.082764,74.6366,16.431,0
2023-01-22 00:10:19.560524,74.6366,17.499,0
2023-01-22 00:10:21.000714,74.6366,16.957,0
2023-01-22 00:10:22.442143,74.6366,16.957,0
2023-01-22 00:10:24.858598,74.75,16.957,0
2023-01-22 00:10:26.279013,74.75,16.957,0
2023-01-22 00:10:27.723870,74.86160000000001,16.957,0
2023-01-22 00:10:35.003049,74.86160000000001,15.428,0
2023-01-22 00:11:41.471676,74.975,15.922,0
2023-01-22 00:12:56.018365,74.1866,16.957,0
2023-01-22 00:14:10.564431,71.375,16.957,0
2023-01-22 00:15:58.754087,71.375,8.754,0
2023-01-22 00:15:59.701510,71.48660000000001,9.034,0
2023-01-22 00:16:02.421414,71.48660000000001,9.323,1
2023-01-22 00:16:03.878140,71.48660000000001,8.754,1
2023-01-22 00:16:05.321387,71.48660000000001,9.034,1
2023-01-22 00:16:06.768129,71.48660000000001,8.483,1
2023-01-22 00:16:09.021524,71.48660000000001,8.754,1
2023-01-22 00:16:10.451132,71.48660000000001,8.483,1
2023-01-22 00:16:11.712748,71.48660000000001,8.754,1
2023-01-22 00:16:13.168359,71.48660000000001,9.323,1
2023-01-22 00:16:14.601035,71.48660000000001,16.957,1
2023-01-22 00:16:16.051558,71.48660000000001,16.957,1
2023-01-22 00:16:17.488108,71.48660000000001,16.957,1
2023-01-22 00:16:18.921363,71.48660000000001,16.957,1
2023-01-22 00:16:20.054605,71.48660000000001,15.922,1
2023-01-22 00:16:21.488316,71.375,16.431,1
2023-01-22 00:16:22.918435,71.48660000000001,17.499,1
2023-01-22 00:16:23.554094,71.375,16.957,0
2023-01-22 00:16:24.370717,71.48660000000001,17.499,1
2023-01-22 00:16:24.501876,71.48660000000001,9.034,0
2023-01-22 00:16:26.974705,71.48660000000001,5.459,1
2023-01-22 00:16:28.438365,71.48660000000001,14.950,1
2023-01-22 00:16:29.890538,71.48660000000001,7.719,1
2023-01-22 00:16:31.318772,71.48660000000001,7.479,1
2023-01-22 00:16:33.610834,71.48660000000001,4.112,1
2023-01-22 00:16:35.091754,71.48660000000001,11.622,1
2023-01-22 00:16:36.522785,71.48660000000001,7.479,1
2023-01-22 00:16:37.998721,71.48660000000001,8.483,1
2023-01-22 00:16:40.270438,71.48660000000001,8.220,1
2023-01-22 00:16:49.955293,71.6,8.754,0
2023-01-22 00:16:50.951005,71.6,8.754,0
2023-01-22 00:16:53.528607,71.6,8.754,0
2023-01-22 00:16:54.998767,71.6,9.034,0
2023-01-22 00:16:56.453551,71.6,8.754,0
2023-01-22 00:16:57.881558,71.6,8.220,0
2023-01-22 00:17:00.310681,71.6,8.220,0
2023-01-22 00:17:01.721760,71.6,7.719,0
2023-01-22 00:17:03.158386,71.6,8.220,0
2023-01-22 00:17:04.661604,71.7116,8.483,0
2023-01-22 00:17:07.182002,71.6,8.754,0
2023-01-22 00:17:08.599817,71.6,9.034,0
2023-01-22 00:17:10.061107,71.7116,8.754,0
2023-01-22 00:17:11.480817,71.7116,8.483,0
2023-01-22 00:17:12.920077,71.7116,8.220,0
2023-01-22 00:17:14.358708,71.7116,7.966,0
2023-01-22 00:17:15.800921,71.7116,9.034,0
2023-01-22 00:17:17.241282,71.7116,8.754,0
2023-01-22 00:17:18.690816,71.7116,8.483,0
2023-01-22 00:17:20.806822,71.7116,8.754,0
2023-01-22 00:17:22.279878,71.825,8.220,0
2023-01-22 00:17:23.734426,71.825,7.248,0
2023-01-22 00:17:25.164105,71.825,8.220,0
2023-01-22 00:17:27.557506,71.825,7.966,0
2023-01-22 00:17:29.001419,71.825,8.483,0
2023-01-22 00:17:30.451240,71.9366,8.220,0
2023-01-22 00:17:31.891897,71.9366,9.034,0
2023-01-22 00:17:34.500662,71.9366,9.034,0
2023-01-22 00:17:35.961760,71.825,9.323,0
2023-01-22 00:17:37.400772,71.9366,9.323,0
2023-01-22 00:17:38.840291,71.9366,7.719,0
2023-01-22 00:17:41.289730,71.9366,8.220,0
2023-01-22 00:17:42.760839,71.9366,9.034,0
2023-01-22 00:17:44.202699,71.9366,9.323,0
2023-01-22 00:17:45.650893,71.9366,8.754,0
2023-01-22 00:17:48.094190,71.9366,8.754,0
2023-01-22 00:17:49.600671,71.9366,9.034,0
2023-01-22 00:17:51.010503,71.9366,9.323,0
2023-01-22 00:17:52.440503,71.9366,8.754,0
2023-01-22 00:17:54.952302,71.9366,9.323,0
2023-01-22 00:17:56.372176,71.9366,8.483,0
2023-01-22 00:17:57.810762,71.9366,8.483,0
2023-01-22 00:17:59.240693,71.9366,9.323,0
2023-01-22 00:18:00.678954,71.9366,8.483,0
2023-01-22 00:18:02.128378,71.9366,8.483,0
2023-01-22 00:18:03.571812,71.9366,7.719,0
2023-01-22 00:18:05.007162,71.9366,9.323,0
2023-01-22 00:18:06.441249,71.9366,9.034,0
2023-01-22 00:18:08.039577,71.9366,7.966,0
2023-01-22 00:18:09.480066,71.9366,7.719,0
2023-01-22 00:18:10.919108,72.05,8.483,0
2023-01-22 00:18:12.360596,72.05,7.023,0
2023-01-22 00:18:14.456396,72.05,9.034,0
2023-01-22 00:18:15.881426,72.05,9.034,0
2023-01-22 00:18:17.321421,72.05,9.034,0
2023-01-22 00:18:18.762769,72.05,8.754,0
2023-01-22 00:18:20.913955,72.05,8.220,0
2023-01-22 00:18:22.361410,72.05,7.966,0
2023-01-22 00:18:23.811693,72.05,9.034,0
2023-01-22 00:18:25.288487,72.05,8.754,0
2023-01-22 00:18:27.593390,72.05,8.754,0
2023-01-22 00:18:29.000634,72.05,9.323,0
2023-01-22 00:18:30.441997,72.05,9.034,0
2023-01-22 00:18:31.878238,72.05,8.483,0
2023-01-22 00:18:34.029827,72.05,8.220,0
2023-01-22 00:18:35.490784,72.1616,8.483,0
2023-01-22 00:18:36.919798,72.05,8.754,0
2023-01-22 00:18:38.360765,72.1616,8.483,0
2023-01-22 00:18:40.591090,72.05,9.323,0
2023-01-22 00:18:42.040101,72.05,8.754,0
2023-01-22 00:18:43.519898,72.05,9.323,0
2023-01-22 00:18:44.931099,72.05,9.323,0
2023-01-22 00:18:46.370029,72.05,8.483,0
2023-01-22 00:18:47.849505,72.05,8.754,0
2023-01-22 00:18:49.320707,72.05,9.034,0
2023-01-22 00:18:50.760163,72.05,9.034,0
2023-01-22 00:18:52.199114,72.1616,8.754,0
2023-01-22 00:18:54.471775,72.05,9.034,0
2023-01-22 00:18:55.883678,72.05,8.754,0
2023-01-22 00:18:57.326326,72.05,9.034,0
2023-01-22 00:18:58.760036,72.05,8.754,0
2023-01-22 00:19:00.212182,72.05,8.483,0
2023-01-22 00:19:01.696529,72.05,9.034,0
2023-01-22 00:19:03.168467,72.05,9.034,0
2023-01-22 00:19:04.600198,72.05,9.323,0
2023-01-22 00:19:06.038648,72.05,9.323,0
2023-01-22 00:19:08.345815,72.1616,8.483,0
2023-01-22 00:19:09.841042,72.1616,9.034,0
2023-01-22 00:19:11.330648,72.05,8.754,0
2023-01-22 00:19:12.760306,72.05,8.754,0
2023-01-22 00:19:15.249954,72.05,8.483,0
2023-01-22 00:19:16.688399,72.1616,9.034,0
2023-01-22 00:19:18.190245,72.05,9.034,0
2023-01-22 00:19:19.641832,72.05,9.034,0
2023-01-22 00:19:22.454196,72.05,8.754,0
2023-01-22 00:19:23.898514,72.05,8.483,0
2023-01-22 00:19:25.318829,72.05,9.323,0
2023-01-22 00:19:32.105093,72.05,8.754,0
2023-01-22 00:20:38.569082,71.9366,8.483,0
2023-01-22 00:21:53.115285,72.05,8.754,0
2023-01-22 00:24:01.395321,72.1616,8.754,0
2023-01-22 00:24:02.347783,72.1616,8.754,0
2023-01-22 00:24:04.596141,72.1616,9.323,0
2023-01-22 00:24:06.058676,72.1616,9.034,0
2023-01-22 00:24:07.478381,72.1616,8.220,0
2023-01-22 00:24:08.931847,72.1616,8.483,0
2023-01-22 00:24:11.016604,72.1616,8.483,0
2023-01-22 00:24:12.440915,72.275,7.719,0
2023-01-22 00:24:13.921018,72.1616,7.719,0
2023-01-22 00:24:15.326770,72.275,7.966,0
2023-01-22 00:24:17.543786,72.1616,8.220,0
2023-01-22 00:24:19.003465,72.1616,8.754,0
2023-01-22 00:24:20.440501,72.1616,9.034,0
2023-01-22 00:24:21.890648,72.275,9.034,0
2023-01-22 00:24:24.158771,72.1616,8.483,0
2023-01-22 00:24:25.570725,72.275,7.966,0
2023-01-22 00:24:27.119541,72.275,9.034,0
2023-01-22 00:24:28.560471,72.275,8.754,0
2023-01-22 00:24:30.703571,72.275,9.034,0
2023-01-22 00:24:32.131291,72.275,9.034,0
2023-01-22 00:24:33.560408,72.275,8.754,0
2023-01-22 00:24:35.001881,72.275,8.483,0
2023-01-22 00:24:37.195247,72.275,8.483,0
2023-01-22 00:24:38.600207,72.275,8.220,0
2023-01-22 00:24:40.040251,72.275,9.323,0
2023-01-22 00:24:41.503586,72.275,9.034,0
2023-01-22 00:24:43.728067,72.275,8.754,0
2023-01-22 00:24:45.161511,72.275,9.034,0
2023-01-22 00:24:46.611401,72.3866,9.034,0
2023-01-22 00:24:48.042413,72.3866,9.034,0
2023-01-22 00:24:50.410103,72.3866,8.754,0
2023-01-22 00:24:51.920136,72.275,8.483,0
2023-01-22 00:24:53.360834,72.275,9.034,0
2023-01-22 00:24:54.851604,72.275,8.754,0
2023-01-22 00:24:56.968702,72.3866,8.754,0
2023-01-22 00:24:58.441956,72.3866,9.034,0
2023-01-22 00:24:59.881193,72.275,9.622,0
2023-01-22 00:25:01.329159,72.3866,9.034,0
2023-01-22 00:25:03.605132,72.3866,7.966,0
2023-01-22 00:25:05.089914,72.3866,8.483,0
2023-01-22 00:25:06.521269,72.3866,9.323,0
2023-01-22 00:25:07.971162,72.3866,9.034,0
2023-01-22 00:25:10.126468,72.3866,9.323,0
2023-01-22 00:25:11.562214,72.3866,9.323,0
2023-01-22 00:25:13.041822,72.3866,8.754,0
2023-01-22 00:25:14.521447,72.275,9.034,0
2023-01-22 00:25:16.762466,72.3866,8.483,0
2023-01-22 00:25:18.198419,72.3866,8.483,0
2023-01-22 00:25:19.662045,72.3866,9.034,0
2023-01-22 00:25:21.078917,72.275,8.754,0
2023-01-22 00:25:23.316327,72.3866,9.323,0
2023-01-22 00:25:24.770671,72.3866,9.034,0
2023-01-22 00:25:26.201058,72.3866,8.483,0
2023-01-22 00:25:27.641066,72.3866,9.034,0
2023-01-22 00:25:29.827440,72.3866,8.483,0
2023-01-22 00:25:31.243683,72.5,8.483,0
2023-01-22 00:25:32.690932,72.3866,9.034,0
2023-01-22 00:25:34.121111,72.3866,9.323,0
2023-01-22 00:25:36.356719,72.3866,9.323,0
2023-01-22 00:25:37.840287,72.3866,9.323,0
2023-01-22 00:25:39.241566,72.3866,9.034,0
2023-01-22 00:25:40.691452,72.3866,9.323,0
2023-01-22 00:25:43.069956,72.3866,8.483,0
2023-01-22 00:25:44.524399,72.3866,8.220,0
2023-01-22 00:25:46.009909,72.3866,9.034,0
2023-01-22 00:25:47.482499,72.3866,9.323,0
2023-01-22 00:25:49.644216,72.3866,9.034,0
2023-01-22 00:25:51.078506,72.3866,9.323,0
2023-01-22 00:25:52.521472,72.3866,8.754,0
2023-01-22 00:25:54.038462,72.3866,9.034,0
2023-01-22 00:25:56.132696,72.3866,7.966,0
2023-01-22 00:25:57.560745,72.3866,7.719,0
2023-01-22 00:25:58.998137,72.3866,9.323,0
2023-01-22 00:26:00.440406,72.3866,8.754,0
2023-01-22 00:26:02.645571,72.3866,8.754,0
2023-01-22 00:26:04.128536,72.3866,9.034,0
2023-01-22 00:26:05.560611,72.5,8.220,0
2023-01-22 00:26:07.000428,72.5,7.966,0
2023-01-22 00:26:09.362568,72.3866,8.483,0
2023-01-22 00:26:10.881384,72.3866,8.220,0
2023-01-22 00:26:12.281668,72.3866,9.323,0
2023-01-22 00:26:13.733433,72.3866,9.323,0
2023-01-22 00:26:15.849044,72.275,9.323,0
2023-01-22 00:26:17.360575,72.3866,9.034,0
2023-01-22 00:26:18.760490,72.3866,9.323,0
2023-01-22 00:26:20.202436,72.3866,9.323,0
2023-01-22 00:26:22.431044,72.3866,8.754,0
2023-01-22 00:26:24.049928,72.3866,8.483,0
2023-01-22 00:26:25.482797,72.3866,9.034,0
2023-01-22 00:26:26.920969,72.3866,9.034,0
2023-01-22 00:26:29.121817,72.3866,8.754,0
2023-01-22 00:26:30.521145,72.3866,9.034,0
2023-01-22 00:26:31.961161,72.3866,9.323,0
2023-01-22 00:26:33.480452,72.275,8.754,0
2023-01-22 00:26:35.685718,72.3866,8.220,0
2023-01-22 00:26:37.158338,72.3866,8.220,0
2023-01-22 00:26:38.602169,72.3866,9.034,0
2023-01-22 00:27:47.154984,72.3866,9.034,0
2023-01-22 00:27:48.098067,72.3866,8.754,0
2023-01-22 00:27:50.624938,72.3866,8.754,0
2023-01-22 00:27:52.040025,72.3866,9.034,0
2023-01-22 00:27:53.518804,72.3866,8.220,0
2023-01-22 00:27:54.932838,72.3866,7.719,0
2023-01-22 00:27:57.424188,72.3866,8.220,0
2023-01-22 00:27:58.880327,72.3866,8.483,0
2023-01-22 00:28:00.278861,72.3866,7.966,0
2023-01-22 00:28:01.780997,72.3866,7.719,0
2023-01-22 00:28:02.872341,72.3866,8.754,0
2023-01-22 00:28:03.871003,72.5,8.220,0
2023-01-22 00:28:05.319613,72.5,9.323,0
2023-01-22 00:28:06.798903,72.3866,9.034,0
2023-01-22 00:28:07.794824,72.5,9.323,0
2023-01-22 00:28:08.282056,72.5,9.323,0
2023-01-22 00:28:08.738159,72.5,9.323,0
2023-01-22 00:28:09.720209,72.5,9.323,0
2023-01-22 00:28:11.091169,72.5,8.483,0
2023-01-22 00:28:11.170065,72.5,8.483,0
2023-01-22 00:28:12.518878,72.5,8.483,0
2023-01-22 00:28:12.598899,72.5,8.754,0
2023-01-22 00:28:13.962680,72.5,7.966,0
2023-01-22 00:28:14.040932,72.5,7.966,0
2023-01-22 00:28:15.481863,72.5,8.220,0
2023-01-22 00:28:15.402327,72.5,9.034,0
2023-01-22 00:28:17.592950,72.3866,8.220,0
2023-01-22 00:28:19.042077,72.5,8.483,0
2023-01-22 00:28:20.521683,72.5,7.479,0
2023-01-22 00:28:21.961062,72.5,8.754,0
2023-01-22 00:28:24.157161,72.5,8.754,0
2023-01-22 00:28:25.561631,72.5,9.034,0
2023-01-22 00:28:27.011285,72.5,8.483,0
2023-01-22 00:28:28.438863,72.3866,8.483,0
2023-01-22 00:28:30.853640,72.5,9.034,0
2023-01-22 00:28:32.281106,72.5,9.323,0
2023-01-22 00:28:33.731890,72.5,8.220,0
2023-01-22 00:28:35.160997,72.5,8.483,0
2023-01-22 00:28:37.444343,72.61160000000001,8.483,0
2023-01-22 00:28:38.925928,72.5,8.483,0
2023-01-22 00:28:40.371548,72.5,8.220,0
2023-01-22 00:28:41.807204,72.61160000000001,9.323,0
2023-01-22 00:28:44.031909,72.61160000000001,9.034,0
2023-01-22 00:28:45.479954,72.61160000000001,9.323,0
2023-01-22 00:28:46.943564,72.5,9.323,0
2023-01-22 00:28:48.359566,72.61160000000001,9.034,0
2023-01-22 00:28:50.585055,72.5,9.034,0
2023-01-22 00:28:52.093726,72.5,8.483,0
2023-01-22 00:28:53.570795,72.5,8.220,0
2023-01-22 00:28:55.001448,72.5,9.034,0
2023-01-22 00:28:57.321854,72.5,9.034,0
2023-01-22 00:28:58.759945,72.61160000000001,9.323,0
2023-01-22 00:29:00.201274,72.5,9.034,0
2023-01-22 00:29:01.652866,72.5,8.754,0
2023-01-22 00:29:03.950856,72.5,9.034,0
2023-01-22 00:29:05.411160,72.5,8.754,0
2023-01-22 00:29:06.840823,72.5,8.483,0
2023-01-22 00:29:08.283222,72.61160000000001,8.754,0
2023-01-22 00:29:10.522025,72.5,9.034,0
2023-01-22 00:29:11.959029,72.61160000000001,8.483,0
2023-01-22 00:29:13.398446,72.5,9.034,0
2023-01-22 00:29:14.840930,72.5,9.323,0
2023-01-22 00:29:17.285535,72.5,9.034,0
2023-01-22 00:29:18.799127,72.5,8.483,0
2023-01-22 00:29:20.281544,72.5,8.220,0
2023-01-22 00:29:21.720948,72.5,8.220,0
2023-01-22 00:29:23.938955,72.5,8.754,0
2023-01-22 00:29:25.410297,72.61160000000001,9.323,0
2023-01-22 00:29:26.840468,72.5,9.034,0
2023-01-22 00:29:28.286290,72.5,9.034,0
2023-01-22 00:29:30.532179,72.5,8.483,0
2023-01-22 00:29:31.960171,72.5,8.754,0
2023-01-22 00:29:33.399738,72.5,8.483,0
2023-01-22 00:29:34.840742,72.5,8.754,0
2023-01-22 00:29:37.114619,72.5,8.754,0
2023-01-22 00:29:38.518530,72.5,9.323,0
2023-01-22 00:29:39.959950,72.61160000000001,8.754,0
2023-01-22 00:29:41.400919,72.61160000000001,8.754,0
2023-01-22 00:29:43.974201,72.61160000000001,8.754,0
2023-01-22 00:29:45.402729,72.61160000000001,8.754,0
2023-01-22 00:29:46.841670,72.5,8.483,0
2023-01-22 00:29:48.289007,72.61160000000001,9.034,0
2023-01-22 00:29:50.585461,72.5,8.483,0
2023-01-22 00:29:52.047053,72.5,9.323,0
2023-01-22 00:29:53.478924,72.61160000000001,9.323,0
2023-01-22 00:29:54.922418,72.8366,9.034,0
2023-01-22 00:29:57.168105,72.95,9.323,0
2023-01-22 00:29:58.601258,72.95,8.754,0
2023-01-22 00:30:00.051473,72.95,8.754,0
2023-01-22 00:30:01.490399,72.95,8.483,0
2023-01-22 00:30:03.795271,73.0616,8.754,0
2023-01-22 00:30:05.241145,72.95,9.034,0
2023-01-22 00:30:06.680158,73.0616,9.323,0
2023-01-22 00:30:08.122007,73.0616,9.034,0
2023-01-22 00:30:09.559863,73.0616,9.323,0
2023-01-22 00:30:10.999017,73.0616,8.483,0
2023-01-22 00:30:12.451738,73.0616,8.220,0
2023-01-22 00:30:13.891908,73.0616,9.034,0
2023-01-22 00:30:15.330683,73.0616,9.034,0
2023-01-22 00:30:17.160606,73.0616,9.323,0
2023-01-22 00:30:18.598823,73.0616,9.034,0
2023-01-22 00:30:20.041425,73.0616,8.754,0
2023-01-22 00:30:21.491681,73.0616,9.034,0
2023-01-22 00:30:23.718264,73.0616,8.754,0
2023-01-22 00:30:25.201343,73.0616,8.483,0
2023-01-22 00:30:26.611161,73.0616,8.220,0
2023-01-22 00:30:28.038909,73.0616,8.483,0
2023-01-22 00:30:30.302788,73.175,9.034,0
2023-01-22 00:30:31.722626,73.0616,8.754,0
2023-01-22 00:30:33.172527,73.175,9.323,0
2023-01-22 00:30:34.610990,73.0616,9.034,0
2023-01-22 00:30:36.038501,73.175,8.483,0
2023-01-22 00:30:42.619697,72.95,8.220,0
2023-01-22 00:31:49.086419,72.95,8.483,0
2023-01-22 00:33:46.834346,72.8366,9.323,0
2023-01-22 00:33:52.923365,72.8366,8.754,0
2023-01-22 00:33:55.358384,72.8366,7.966,0
2023-01-22 00:34:01.986550,72.8366,8.483,0
2023-01-22 00:34:08.698693,72.8366,7.966,0
2023-01-22 00:34:15.602752,72.8366,7.248,0
2023-01-22 00:34:22.287181,72.725,8.220,0
2023-01-22 00:34:29.401666,72.725,7.719,0
2023-01-22 00:34:30.845559,72.725,7.719,0
2023-01-22 00:34:37.420855,72.8366,8.754,0
2023-01-22 00:34:38.855652,72.95,8.754,0
2023-01-22 00:34:45.422765,72.8366,8.754,0
2023-01-22 00:34:51.982710,72.725,8.483,0
2023-01-22 00:34:58.548652,72.8366,8.483,0
2023-01-22 00:35:09.315449,72.95,8.754,0
2023-01-22 00:35:10.336599,72.95,8.483,0
2023-01-22 00:35:12.865330,72.95,7.966,0
2023-01-22 00:35:14.354142,72.95,8.220,0
2023-01-22 00:35:15.879758,72.95,9.034,0
2023-01-22 00:35:17.397237,72.95,8.754,0
2023-01-22 00:35:19.574312,72.95,7.248,0
2023-01-22 00:35:21.088113,72.95,8.754,0
2023-01-22 00:35:22.594436,72.95,9.034,0
2023-01-22 00:35:24.113430,72.95,7.966,0
2023-01-22 00:35:26.205820,72.95,8.483,0
2023-01-22 00:35:27.718692,72.95,8.754,0
2023-01-22 00:35:29.233779,73.0616,8.483,0
2023-01-22 00:35:30.776556,73.0616,9.323,0
2023-01-22 00:35:33.020682,73.0616,8.220,0
2023-01-22 00:35:34.517227,73.0616,8.754,0
2023-01-22 00:35:36.045304,73.0616,9.034,0
2023-01-22 00:35:37.558176,72.95,7.966,0
2023-01-22 00:35:39.915785,73.0616,7.479,0
2023-01-22 00:35:41.484490,73.0616,8.754,0
2023-01-22 00:35:43.008442,73.0616,8.754,0
2023-01-22 00:35:44.537056,73.0616,8.754,0
2023-01-22 00:35:46.562396,73.0616,8.483,0
2023-01-22 00:35:48.115680,73.0616,8.754,0
2023-01-22 00:35:49.642768,73.0616,9.323,0
2023-01-22 00:35:51.155062,73.0616,9.034,0
2023-01-22 00:35:53.336367,73.0616,8.754,0
2023-01-22 00:35:54.836959,73.175,8.220,0
2023-01-22 00:35:56.357421,73.0616,8.220,0
2023-01-22 00:35:57.877339,73.175,9.034,0
2023-01-22 00:36:00.177066,73.175,8.220,0
2023-01-22 00:36:01.714851,73.175,9.034,0
2023-01-22 00:36:03.236956,73.175,8.754,0
2023-01-22 00:36:04.765764,73.175,8.483,0
2023-01-22 00:36:06.282497,73.175,8.220,0
2023-01-22 00:36:08.098579,73.175,8.220,0
2023-01-22 00:36:09.634503,73.175,8.483,0
2023-01-22 00:36:11.159001,73.0616,9.034,0
2023-01-22 00:36:12.686671,73.0616,8.754,0
2023-01-22 00:36:14.948256,73.0616,8.483,0
2023-01-22 00:36:16.434457,73.0616,8.754,0
2023-01-22 00:36:17.956973,73.175,9.034,0
2023-01-22 00:36:19.479534,73.175,9.323,0
2023-01-22 00:36:23.323639,73.175,7.966,0
2023-01-22 00:36:24.834766,73.175,8.483,0
2023-01-22 00:36:26.358221,73.175,9.323,0
2023-01-22 00:36:27.886620,73.175,9.034,0
2023-01-22 00:36:30.015843,73.175,8.754,0
2023-01-22 00:36:31.563715,73.175,8.483,0
2023-01-22 00:36:33.074713,73.175,9.323,0
2023-01-22 00:36:34.606916,73.175,9.323,0
2023-01-22 00:36:36.631778,73.175,8.754,0
2023-01-22 00:36:38.165540,73.175,9.034,0
2023-01-22 00:36:39.714668,73.175,9.034,0
2023-01-22 00:36:41.234380,73.175,9.622,0
2023-01-22 00:36:43.210605,73.175,8.754,0
2023-01-22 00:36:44.796998,73.175,8.754,0
2023-01-22 00:36:46.275450,73.175,7.966,0
2023-01-22 00:36:47.808946,73.175,9.034,0
2023-01-22 00:36:50.038102,73.175,8.220,0
2023-01-22 00:36:51.563506,73.175,8.483,0
2023-01-22 00:36:53.137320,73.0616,9.323,0
2023-01-22 00:36:54.676962,73.175,8.220,0
2023-01-22 00:36:56.650868,73.175,7.966,0
2023-01-22 00:36:58.194841,73.175,8.754,0
2023-01-22 00:36:59.714985,73.0616,8.754,0
2023-01-22 00:37:01.238736,73.175,9.323,0
2023-01-22 00:37:03.553372,73.175,7.966,0
2023-01-22 00:37:05.084357,73.175,9.034,0
2023-01-22 00:37:06.596122,73.175,9.034,0
2023-01-22 00:37:08.126715,73.175,8.220,0
2023-01-22 00:37:10.421545,73.175,8.220,0
2023-01-22 00:37:11.956434,73.175,8.754,0
2023-01-22 00:37:13.484390,73.175,8.754,0
2023-01-22 00:37:15.009225,73.175,8.754,0
2023-01-22 00:37:17.055244,73.175,7.966,0
2023-01-22 00:37:18.595446,73.175,8.483,0
2023-01-22 00:37:20.115706,73.175,9.034,0
2023-01-22 00:37:21.635313,73.175,8.754,0
2023-01-22 00:37:23.794736,73.175,8.483,0
2023-01-22 00:37:25.317389,73.175,9.034,0
2023-01-22 00:37:26.837892,73.175,9.034,0
2023-01-22 00:37:28.356527,73.175,9.034,0
2023-01-22 00:37:30.423388,73.175,8.754,0
2023-01-22 00:37:31.959148,73.175,9.034,0
2023-01-22 00:37:33.476267,73.2866,8.754,0
2023-01-22 00:37:35.004496,73.175,8.754,0
2023-01-22 00:37:37.166176,73.175,8.754,0
2023-01-22 00:37:38.673777,73.175,9.034,0
2023-01-22 00:37:40.197089,73.175,9.034,0
2023-01-22 00:37:41.716753,73.175,9.323,0
2023-01-22 00:37:43.712143,73.0616,8.483,0
2023-01-22 00:37:45.234891,73.0616,9.323,0
2023-01-22 00:37:46.754682,73.0616,8.754,0
2023-01-22 00:37:48.278630,73.175,8.754,0
2023-01-22 00:37:50.280252,73.175,8.220,0
2023-01-22 00:37:51.935980,73.0616,9.323,0
2023-01-22 00:37:53.475100,73.0616,8.220,0
2023-01-22 00:37:55.000116,73.175,8.220,0
2023-01-22 00:37:56.921260,73.2866,8.483,0
2023-01-22 00:37:58.437072,73.175,9.323,0
2023-01-22 00:37:59.956815,73.175,9.323,0
2023-01-22 00:38:01.474451,73.175,8.754,0
2023-01-22 00:38:03.648476,73.175,8.483,0
2023-01-22 00:38:05.157095,73.175,9.034,0
2023-01-22 00:38:06.677753,73.175,9.323,0
2023-01-22 00:38:08.197507,73.175,8.754,0
2023-01-22 00:38:10.287600,73.175,8.483,0
2023-01-22 00:38:11.796679,73.175,9.323,0
2023-01-22 00:38:13.317014,73.175,8.483,0
2023-01-22 00:38:14.843857,73.2866,9.034,0
2023-01-22 00:38:17.531376,73.175,8.483,0
2023-01-22 00:38:19.086138,73.2866,8.220,0
2023-01-22 00:38:20.594177,73.175,9.034,0
2023-01-22 00:38:22.118101,73.175,9.034,0
2023-01-22 00:38:24.112744,73.175,8.220,0
2023-01-22 00:38:25.649044,73.175,8.483,0
2023-01-22 00:38:27.156557,73.175,8.754,0
2023-01-22 00:38:28.674932,73.175,7.966,0
2023-01-22 00:38:31.051397,73.2866,8.754,0
2023-01-22 00:38:32.635832,73.2866,7.966,0
2023-01-22 00:38:34.196761,73.0616,8.220,0
2023-01-22 00:38:35.756100,73.0616,8.754,0
2023-01-22 00:38:37.940811,73.0616,8.220,0
2023-01-22 00:38:39.488336,73.0616,9.323,0
2023-01-22 00:38:41.003291,73.175,8.754,0
